Country,Year,Population,AUD_in_number,Death_due_to_AUD_deaths_by_population,Death_per_annum,Alcohol_consumption_per_person_in_liter,Death_due_to_alcohol,Beer_consumption_per_capita_in_liter,Wine_Consuption_per_capita_in_liter,Spirit_Consuption_per_capita_in_liter,,,,
Afghanistan,2000,20779957,89354,166,430,,15,0.30,0.20,0.00,,,,
Albania,2000,3129246,54136,15,511,6.57,15,1.33,0.42,2.08,,,,
Algeria,2000,31042238,136586,124,625,0.58,89,0.12,0.13,0.15,,,,
Andorra,2000,65390,1471,1,30,13.28,1,3.04,0.25,2.99,,,,
Angola,2000,16395476,195106,293,5664,2.76,125,0.90,0.16,0.18,,,,
Antigua and Barbuda,2000,76007,1513,5,15,5.13,4,1.78,0.13,3.84,,,,
Argentina,2000,36870796,943892,1003,17673,8.75,999,1.79,0.13,0.52,,,,
Armenia,2000,3069597,78582,93,481,4.23,99,0.18,0.23,2.52,,,,
Australia,2000,18991434,376030,342,6162,11.72,412,5.07,0.17,2.07,,,,
Austria,2000,8069276,249341,226,4835,13.12,307,6.85,0.50,2.16,,,,
Azerbaijan,2000,8122743,209567,262,2722,3.45,242,0.17,0.13,0.43,,,,
Bahamas,2000,298045,5782,13,102,5.58,12,4.04,0.13,6.29,,,,
Bahrain,2000,664610,3655,4,51,1.74,3,0.54,1.00,1.30,,,,
Bangladesh,2000,127657862,1455300,396,6755,0.23,245,0.15,0.50,0.00,,,,
Barbados,2000,271511,3828,5,69,7.11,6,2.73,0.90,3.99,,,,
Belarus,2000,9871635,302072,2196,10897,15.17,2705,1.19,0.14,5.03,,,,
Belgium,2000,10282046,286869,253,6905,12.49,348,6.15,0.18,1.00,,,,
Belize,2000,247310,3907,8,62,5.55,5,2.76,0.13,1.77,,,,
Benin,2000,6865946,38449,96,1139,2.46,41,0.54,0.13,0.31,,,,
Bhutan,2000,591014,14007,7,138,2.77,5,1.66,1.40,0.00,,,,
Bolivia,2000,8418270,97652,448,2144,3.44,287,1.67,0.13,0.56,,,,
Bosnia and Herzegovina,2000,3751176,91904,176,1195,6.37,242,2.64,1.20,0.87,,,,
Botswana,2000,1643333,35496,40,1124,9.05,23,2.31,1.60,0.54,,,,
Brazil,2000,174790339,5663207,7551,61444,8.78,6709,3.34,0.20,3.62,,,,
Brunei,2000,333166,3198,1,10,0.23,1,0.19,0.02,0.15,,,,
Bulgaria,2000,7997951,163158,154,7405,11.8,201,3.50,1.06,4.65,,,,
Burkina Faso,2000,11607951,62683,181,4444,8.4,85,0.40,1.07,0.29,,,,
Burundi,2000,6378871,97597,124,5514,9.82,54,1.53,1.12,0.00,,,,
Cambodia,2000,12155241,88733,188,3902,1.87,121,0.34,0.13,0.26,,,,
Cameroon,2000,15513944,89981,239,5364,6.69,106,2.14,0.24,0.00,,,,
Canada,2000,30588379,59473,700,8123,,896,4.20,0.14,2.00,,,,
Cape Verde,2000,428178,2227,4,133,6.03,2,2.09,1.50,0.45,,,,
Central African Republic,2000,3640421,45141,88,1862,3.68,44,0.41,0.16,0.02,,,,
Chad,2000,8355654,40943,124,1471,4.34,54,0.17,0.13,0.00,,,,
Chile,2000,15342350,501695,529,6286,7.74,508,1.80,0.13,1.98,,,,
China,2000,1290550767,1639995,12002,395117,3.81,12527,0.92,0.13,1.96,,,,
Colombia,2000,39629965,903563,103,8783,5.58,84,2.80,0.45,1.65,,,,
Comoros,2000,542358,7105,7,41,0.19,4,0.02,0.13,0.03,,,,
Congo,2000,3127420,40656,65,1015,3.45,35,1.42,0.80,0.41,,,,
Costa Rica,2000,3962369,74493,69,709,5.55,56,2.25,0.12,1.87,,,,
Cote d'Ivoire,2000,16454660,92146,306,5930,7.25,137,0.56,0.00,0.04,,,,
Croatia,2000,4428075,100517,166,4112,12.45,248,5.15,1.65,1.81,,,,
Cuba,2000,11126423,162446,284,2379,4.98,326,1.33,0.13,2.56,,,,
Cyprus,2000,943288,17356,6,261,10.86,7,3.69,5.62,3.35,,,,
Czechia,2000,10289374,241800,237,6998,15,304,7.63,0.16,3.96,,,,
Democratic Republic of Congo,2000,47105830,508743,758,8522,0.95,395,0.29,1.49,0.01,,,,
Denmark,2000,5341,168,0,3778,12.67,589,5.75,4.59,1.41,,,,
Djibouti,2000,717577,10764,13,71,1.62,5,0.23,4.64,0.97,,,,
Dominica,2000,69650,1282,3,27,8.38,3,1.55,3.26,6.94,,,,
Dominican Republic,2000,8471317,121987,110,2231,7.19,87,2.66,1.50,3.78,,,,
Ecuador,2000,12681123,155978,599,2522,5.96,440,1.34,0.13,2.59,,,,
Egypt,2000,68831561,275326,131,2811,0.25,96,0.06,0.16,0.07,,,,
El Salvador,2000,5887930,240816,1278,2155,3.86,915,0.99,0.75,1.64,,,,
Equatorial Guinea,2000,606180,7092,9,176,7.45,4,0.56,0.62,2.18,,,,
Eritrea,2000,2292413,42639,48,1191,1.57,34,0.53,1.36,0.01,,,,
Estonia,2000,1399911,32898,266,1180,9.57,329,4.19,4.05,3.22,,,,
Eswatini,2000,1005432,24633,18,594,7.46,9,1.78,0.13,0.08,,,,
Ethiopia,2000,66224808,1483436,1377,16204,1.76,570,0.18,0.13,0.01,,,,
Fiji,2000,811011,4866,2,69,3.24,2,1.76,0.13,0.58,,,,
Finland,2000,5187953,142669,508,2395,11.69,694,4.27,0.13,2.33,,,,
France,2000,59015092,1369150,2532,45120,14.08,3400,2.31,0.13,2.66,,,,
Gabon,2000,1228359,16460,23,821,10.59,14,5.87,1.58,1.47,,,,
Gambia,2000,1317708,6720,17,282,4.14,8,0.20,2.50,0.00,,,,
Georgia,2000,4362184,95096,38,1412,4.41,47,0.41,0.06,1.32,,,,
Germany,2000,81400883,2010602,4151,74980,14.16,6022,7.16,0.82,2.57,,,,
Ghana,2000,19278850,102178,243,7486,5.3,126,0.41,0.65,0.11,,,,
Greece,2000,11082103,201694,22,4289,10.18,31,2.38,0.39,2.35,,,,
Grenada,2000,102837,1532,3,35,9.8,2,3.50,0.00,5.15,,,,
Guatemala,2000,11650744,462335,2346,4056,4.4,1398,1.06,0.26,1.43,,,,
Guinea-Bissau,2000,1201305,6607,22,494,4.15,10,0.44,0.85,0.59,,,,
Guinea,2000,8240735,40380,108,1333,0.67,58,0.15,1.97,0.01,,,,
Guyana,2000,746718,13964,30,406,8.98,23,1.59,0.44,5.04,,,,
Haiti,2000,8463802,132882,378,2872,3.97,230,0.14,1.53,3.45,,,,
Honduras,2000,6574510,153186,386,1530,3.5,206,1.28,0.13,1.18,,,,
Hungary,2000,10220509,297417,615,13381,14.27,830,4.30,0.13,3.85,,,,
Iceland,2000,280439,5917,5,32,7.03,6,3.04,0.13,1.76,,,,
India,2000,1056575548,17222181,21554,208534,2.28,16103,0.07,0.13,0.86,,,,
Indonesia,2000,211513822,994115,592,14972,0.5,505,0.06,0.13,0.00,,,,
Iran,2000,65623397,255931,295,1146,0.21,219,0.00,1.67,0.01,,,,
Iraq,2000,23497589,105739,54,622,0.45,35,0.20,2.64,0.02,,,,
Ireland,2000,3783095,127490,84,1591,15.13,97,7.88,2.31,2.97,,,,
Israel,2000,5945949,57676,71,367,3.08,75,1.12,3.34,1.16,,,,
Italy,2000,56692178,907075,170,35959,10.37,251,1.64,0.19,1.07,,,,
Jamaica,2000,2654698,29998,12,269,4.91,10,1.58,3.50,1.65,,,,
Japan,2000,127524168,790650,497,50344,8.23,713,2.50,0.40,2.94,,,,
Jordan,2000,14922724,64168,39,86,0.62,7,0.06,1.53,0.38,,,,
Kazakhstan,2000,14922724,508865,2447,11763,8.18,2426,0.82,0.34,4.64,,,,
Kenya,2000,31964557,239734,428,9897,3.83,166,0.65,2.14,0.53,,,,
Kiribati,2000,84405,506,1,20,1.96,0,0.39,0.13,0.05,,,,
Kuwait,2000,2045123,8999,7,15,0.04,5,0.00,0.13,0.01,,,,
Kyrgyzstan,2000,4920712,199289,618,2436,9.45,465,0.26,0.13,5.00,,,,
Laos,2000,523701,4818,13,1835,4.66,85,0.85,0.13,4.34,,,,
Latvia,2000,2384150,62465,342,1597,8.76,428,1.97,0.13,3.45,,,,
Lebanon,2000,3842774,16908,13,246,2.96,11,0.44,0.13,1.12,,,,
Lesotho,2000,2032805,45332,41,1211,7.31,24,1.53,1.67,0.37,,,,
Liberia,2000,2848447,14527,41,968,6.38,20,0.17,2.64,4.30,,,,
Libya,2000,3557893,16366,14,130,0.06,13,0.00,2.31,0.01,,,,
Lithuania,2000,3501842,97351,468,2494,13.36,562,3.78,3.34,3.30,,,,
Luxembourg,2000,436106,11557,17,273,14.32,22,4.74,0.19,2.61,,,,
Madagascar,2000,15766806,220735,227,2848,2.11,95,0.39,3.50,0.64,,,,
Malawi,2000,23194252,350233,429,3242,2.42,89,0.16,0.40,0.29,,,,
Malaysia,2000,127524168,714135,1173,2657,1.53,167,0.45,1.53,0.08,,,,
Maldives,2000,279396,1704,1,13,2.04,1,0.48,0.34,1.37,,,,
Mali,2000,10946448,51448,116,1418,1.15,57,0.06,2.14,0.00,,,,
Malta,2000,393649,7164,2,69,5.72,2,2.88,0.13,1.81,,,,
Mauritania,2000,2630217,12099,26,142,0.2,13,0.00,0.13,0.02,,,,
Mauritius,2000,1185147,14103,44,392,5.49,46,2.21,0.13,2.10,,,,
Mexico,2000,150331,2435,10,31708,6.43,4696,3.76,0.13,1.26,,,,
Micronesia (country),2000,107405,795,2,28,3.86,1,2.14,0.13,0.07,,,,
Moldova,2000,4202659,83213,262,4808,13.89,300,0.47,0.13,3.50,,,,
Mongolia,2000,2397417,75039,116,1120,3.11,92,0.67,1.13,0.97,,,,
Montenegro,2000,613558,12333,7,458,,8,5.11,0.13,,,,,
Morocco,2000,28793672,120933,107,1202,1.01,85,0.21,1.12,0.04,,,,
Mozambique,2000,17711925,267450,305,2161,2.33,132,0.54,0.16,0.02,,,,
Myanmar,2000,46719698,364414,701,7443,0.38,536,0.10,1.16,0.01,,,,
Namibia,2000,1794583,43249,39,860,3.26,23,0.75,0.13,0.80,,,,
Nauru,2000,10335,82,0,3,6.04,0,4.18,0.13,1.34,,,,
Nepal,2000,23941099,289687,227,3214,1.12,148,0.07,0.13,0.01,,,,
Netherlands,2000,15926,282,0,6880,11.08,337,5.08,0.40,2.28,,,,
New Zealand,2000,3858992,67146,31,1052,10.42,36,4.22,0.13,1.37,,,,
Nicaragua,2000,5069310,139913,388,852,5.05,206,1.04,0.13,2.52,,,,
Niger,2000,11331561,53258,142,566,0.23,56,0.06,0.15,0.02,,,,
Nigeria,2000,122283853,599191,1700,38959,12.5,830,0.42,0.13,0.00,,,,
North Korea,2000,22929078,169675,282,7561,3.52,298,0.23,0.13,3.31,,,,
North Macedonia,2000,2034823,38255,28,951,7.31,32,2.12,0.60,1.60,,,,
Norway,2000,4499375,86388,196,895,7.95,255,2.93,0.13,1.05,,,,
Oman,2000,2267973,10206,9,53,6.56,5,0.13,0.16,0.24,,,,
Pakistan,2000,142343583,1893170,2235,11467,0.09,1360,0.00,1.12,0.00,,,,
Panama,2000,3030333,49091,29,449,5.48,22,2.91,0.13,2.04,,,,
Papua New Guinea,2000,5847590,45026,73,305,1.79,45,0.55,0.13,0.10,,,,
Paraguay,2000,5323202,135209,141,1313,6.38,91,2.98,1.15,1.70,,,,
Peru,2000,26459944,291059,706,5243,6.54,502,1.85,0.13,2.67,,,,
Philippines,2000,77991757,670729,1490,25039,6.06,1080,1.18,0.13,3.52,,,,
Poland,2000,38556699,1129711,2711,20867,9.17,3297,4.14,0.14,2.48,,,,
Portugal,2000,10297117,352161,86,8297,14.08,115,3.45,0.13,2.41,,,,
Qatar,2000,592467,3140,2,21,1.15,2,0.09,0.16,0.41,,,,
Romania,2000,22137423,613207,1116,20657,17.45,1406,3.38,0.13,2.21,,,,
Russia,2000,146404890,6881030,40291,229264,15.73,50326,2.19,0.13,7.31,,,,
Rwanda,2000,7933688,254671,212,6830,13.73,85,0.58,0.13,0.00,,,,
Saint Kitts and Nevis,2000,44083,697,7,16,9.51,6,3.63,0.13,4.15,,,,
Saint Lucia,2000,156737,2759,7,58,11.8,5,3.22,0.60,7.30,,,,
Saint Vincent and the Grenadines,2000,107787,2134,6,28,5.01,5,1.96,0.13,2.75,,,,
Samoa,2000,174454,1169,2,29,3.79,2,2.85,0.13,0.12,,,,
Sao Tome and Principe,2000,142264,754,2,54,8.2,1,1.17,15.00,0.64,,,,
Saudi Arabia,2000,20663840,90921,79,438,0.18,53,0.00,0.13,0.05,,,,
Senegal,2000,9797731,47029,99,646,0.96,47,0.16,0.13,0.04,,,,
Serbia,2000,9487612,203984,325,6007,,433, 3.93 ,0.50,,,,,
Seychelles,2000,80998,640,1,39,7.62,1,6.21,0.13,1.06,,,,
Sierra Leone,2000,4584570,22923,53,1634,5.8,26,0.12,0.13,0.03,,,,
Singapore,2000,4028872,28202,7,214,2.49,7,1.29,0.78,0.61,,,,
Slovakia,2000,5399207,117163,110,3228,12.47,130,4.48,0.82,4.86,,,,
Slovenia,2000,1987710,49295,103,1339,12.6,142,5.13,0.08,1.84,,,,
Solomon Islands,2000,412665,2930,10,34,1.2,7,0.63,0.92,0.07,,,,
Somalia,2000,8872250,109129,173,548,0,82,0.00,0.13,0.00,,,,
South Africa,2000,44967713,1061238,967,35127,10.02,720,4.40,0.13,1.39,,,,
South Korea,2000,47379237,1359784,1270,26338,12.31,1364,2.19,0.13,0.72,,,,
Spain,2000,40824745,771588,306,21744,12.43,412,3.78,0.13,3.33,,,,
Sri Lanka,2000,18777606,202798,954,8129,2.22,865,0.10,0.13,1.34,,,,
Sudan,2000,27275019,122738,134,1836,,79,0.20,0.12,0.13,,,,
Suriname,2000,470944,7488,12,142,5.29,10,1.69,0.08,2.60,,,,
Sweden,2000,8881642,259344,357,3168,8.53,506,2.70,2.20,1.30,,,,
Switzerland,2000,7143764,205026,189,3935,12.49,280,3.39,5.81,1.94,,,,
Syria,2000,16410847,70567,74,617,1.15,39,0.04,0.00,0.89,,,,
Tajikistan,2000,6216329,162246,265,1196,2.97,190,0.14,0.12,0.54,,,,
Tanzania,2000,33499177,465639,452,15624,8.63,200,0.51,0.01,0.10,,,,
Thailand,2000,62952639,786908,888,29549,6.49,918,1.11,0.01,4.68,,,,
Timor,2000,884366,6191,9,111,1.53,6,0.43,0.03,0.05,,,,
Togo,2000,4924406,26099,66,942,1.79,29,0.44,0.10,0.24,,,,
Tonga,2000,97962,637,1,9,1.7,1,0.66,0.10,0.46,,,,
Trinidad and Tobago,2000,1267159,17740,14,236,5.27,13,2.12,0.18,2.46,,,,
Tunisia,2000,9708347,40775,32,404,1.36,27,0.78,0.37,0.04,,,,
Turkey,2000,63240196,360469,183,3588,2.41,169,0.82,0.05,0.78,,,,
Turkmenistan,2000,4516128,144516,258,1159,4.82,195,0.08,1.51,1.30,,,,
Tuvalu,2000,9392,68,0,2,1.96,0,0.92,0.13,0.27,,,,
Uganda,2000,23650159,205756,468,13799,13.61,169,0.57,0.00,0.20,,,,
Ukraine,2000,48838058,1499328,10041,44957,12.46,12304,1.28,0.36,5.30,,,,
United Arab Emirates,2000,3134067,18804,23,204,2.58,18,0.54,0.07,1.03,,,,
United Kingdom,2000,58923305,1785376,795,18888,13.73,995,4.98,3.25,1.96,,,,
United States,2000,281710914,1014602,7240,80477,9.19,8666,4.62,1.17,2.42,,,,
Uruguay,2000,3319734,49464,74,1679,8.09,89,1.37,4.88,0.87,,,,
Uzbekistan,2000,24769955,725760,1258,7635,5.68,1018,0.20,0.30,2.53,,,,
Vanuatu,2000,184964,1443,3,23,1.17,2,0.46,0.16,0.19,,,,
Venezuela,2000,24192449,413691,283,6334,9.15,206,5.61,0.16,2.32,,,,
Vietnam,2000,79910411,815086,679,11609,2.21,531,0.69,0.00,0.02,,,,
Yemen,2000,17409071,73118,84,809,0.79,45,0.07,0.00,0.00,,,,
Zambia,2000,10415942,165613,210,4695,4.05,77,0.50,0.22,0.20,,,,
Zimbabwe,2000,11881482,220996,74,4210,2.46,39,0.67,0.01,0.42,,,,
Afghanistan,2005,25654274,112879,213,452,,109,0.01,0.00,0.01,,,,
Albania,2005,3086810,53402,16,641,7.65,16,1.33,1.02,2.22,,,,
Algeria,2005,33149720,145859,116,777,0.81,90,0.12,0.18,0.02,,,,
Andorra,2005,78871,1806,1,35,12.55,1,3.04,5.64,2.80,,,,
Angola,2005,19433604,223486,317,8071,4.89,137,0.90,1.01,0.07,,,,
Antigua and Barbuda,2005,81462,1580,5,18,5.37,4,1.78,1.59,3.31,,,,
Argentina,2005,38892924,956766,844,16890,8.66,860,1.79,4.64,0.32,,,,
Armenia,2005,2981262,66184,63,696,5.79,72,0.18,0.36,3.53,,,,
Australia,2005,20178543,367249,361,6583,12.08,454,5.07,3.53,1.21,,,,
Austria,2005,8253656,258339,259,4831,12.79,377,6.85,4.05,1.67,,,,
Azerbaijan,2005,8538610,216027,209,3121,1.81,202,0.17,0.04,0.40,,,,
Bahamas,2005,324848,6270,13,103,4.28,12,4.04,1.32,4.29,,,,
Bahrain,2005,889157,4804,5,49,1.76,4,0.54,0.10,1.27,,,,
Bangladesh,2005,139035505,4871101,403,7498,0.16,262,0.26,0.02,0.00,,,,
Barbados,2005,276320,3786,5,84,7.4,6,2.73,0.58,3.82,,,,
Belarus,2005,9562083,286862,2001,12588,15.3,2630,1.19,0.56,4.16,,,,
Belgium,2005,10546885,272110,276,7122,13.13,394,6.15,4.21,1.97,,,,
Belize,2005,283798,4427,8,68,7.16,5,2.76,0.18,2.01,,,,
Benin,2005,7982223,43902,105,1214,2.23,44,0.54,0.14,0.16,,,,
Bhutan,2005,648744,16738,7,103,1.6,5,1.66,0.01,0.36,,,,
Bolivia,2005,9232301,101555,410,2235,4.37,284,1.67,0.08,0.58,,,,
Bosnia and Herzegovina,2005,3765332,87356,87,1211,7.2,124,2.64,0.36,0.62,,,,
Botswana,2005,1799077,37781,38,1140,9.61,23,2.31,0.91,1.01,,,,
Brazil,2005,186127108,5881617,8543,67227,8.32,8139,3.34,0.33,3.06,,,,
Brunei,2005,365112,3505,1,11,0.21,1,0.19,0.00,0.05,,,,
Bulgaria,2005,7686964,146821,110,7753,11.42,148,3.50,1.68,4.92,,,,
Burkina Faso,2005,13421935,72478,199,4835,9.19,93,0.40,0.09,0.43,,,,
Burundi,2005,7364857,109000,137,4783,8.44,57,1.53,0.01,0.00,,,,
Cambodia,2005,13273355,96895,151,4736,2.69,106,0.34,0.00,0.33,,,,
Cameroon,2005,17733408,102854,264,6134,7.62,124,2.14,0.09,0.00,,,,
Canada,2005,32164313,633637,724,9333,,982,4.20,1.60,2.00,,,,
Cape Verde,2005,463034,2500,4,146,6.95,3,2.09,1.99,0.14,,,,
Central African Republic,2005,4038380,48057,94,1924,3.62,48,0.41,0.01,0.03,,,,
Chad,2005,10096630,49473,149,1939,4.62,61,0.17,0.05,0.02,,,,
Chile,2005,16182713,537266,545,6617,8.93,568,1.80,2.59,2.97,,,,
China,2005,1330776380,15170851,18099,428320,4.02,20915,0.92,0.05,1.69,,,,
Colombia,2005,42647731,968103,107,6827,5.41,93,2.80,0.05,1.43,,,,
Comoros,2005,611625,7951,7,45,0.44,4,0.02,0.03,0.06,,,,
Congo,2005,3622775,44560,65,980,3.75,36,1.42,0.18,0.38,,,,
Costa Rica,2005,4285504,78853,68,697,5.42,60,2.25,0.15,1.63,,,,
Cote d'Ivoire,2005,18354513,102785,316,6127,3.3,146,0.56,0.16,0.02,,,,
Croatia,2005,4378066,98944,166,3811,10.31,258,5.15,4.25,1.27,,,,
Cuba,2005,11261586,165545,271,2905,5.36,341,1.33,0.05,2.92,,,,
Cyprus,2005,1027656,18806,6,303,12.43,7,3.69,2.79,5.00,,,,
Czechia,2005,10258165,249273,313,7193,14.76,422,7.63,2.36,3.65,,,,
Democratic Republic of Congo,2005,54785894,569773,838,7544,0.86,436,0.29,0.01,0.02,,,,
Denmark,2005,5421701,176747,575,3999,12.29,842,5.75,4.44,1.78,,,,
Djibouti,2005,783248,11435,14,74,1.28,6,0.23,0.05,0.94,,,,
Dominica,2005,70580,1320,3,27,8.72,3,1.55,0.41,6.69,,,,
Dominican Republic,2005,9097262,126452,117,2591,6.15,98,2.66,0.25,2.85,,,,
Ecuador,2005,13825839,164527,618,3596,5.81,489,1.34,0.39,1.58,,,,
Egypt,2005,75523576,302094,143,3788,0.29,110,0.06,0.01,0.05,,,,
El Salvador,2005,6052124,229981,1187,2140,3.8,905,0.99,0.03,1.73,,,,
Equatorial Guinea,2005,749527,8695,9,181,8.91,4,0.56,2.86,2.39,,,,
Eritrea,2005,2826653,51445,60,1227,2.08,42,0.53,0.00,0.02,,,,
Estonia,2005,1355650,29282,265,1393,15.65,343,4.19,1.50,6.62,,,,
Eswatini,2005,1030575,25455,20,756,6.71,11,1.78,0.02,0.15,,,,
Ethiopia,2005,76346310,1679619,1412,14722,2.05,547,0.18,0.00,0.01,,,,
Fiji,2005,821606,4930,2,71,2.78,2,1.76,0.02,0.58,,,,
Finland,2005,5258933,146724,537,2951,13.11,767,4.27,1.47,2.82,,,,
France,2005,61120128,1424099,2738,42506,13.09,3790,2.31,7.65,2.62,,,,
Gabon,2005,1390550,17660,25,809,9.36,15,5.87,0.84,1.47,,,,
Gambia,2005,1543745,7873,21,396,4.27,10,0.20,0.05,0.00,,,,
Georgia,2005,4210158,92623,42,1796,6.39,50,0.41,1.64,1.93,,,,
Germany,2005,81602739,1868703,36185,72493,13.28,5538,7.16,3.13,2.29,,,,
Ghana,2005,21814648,115618,286,8487,3.77,155,0.41,0.08,0.05,,,,
Greece,2005,11224800,204291,24,4171,10.73,33,2.38,4.56,2.23,,,,
Grenada,2005,104658,1559,3,36,8.76,3,3.50,0.45,4.36,,,,
Guatemala,2005,13096028,457051,2610,4724,4.29,1656,1.06,0.13,1.14,,,,
Guinea-Bissau,2005,1344931,7397,25,545,5.31,11,0.44,0.61,0.51,,,,
Guinea,2005,9109585,44637,122,1383,0.77,64,0.15,0.02,0.03,,,,
Guyana,2005,746156,13953,27,431,7.98,22,1.59,0.31,3.71,,,,
Haiti,2005,9195289,138849,407,3205,3.86,263,0.14,0.04,3.34,,,,
Honduras,2005,7458982,170065,435,1813,3.88,245,1.28,0.02,1.80,,,,
Hungary,2005,10085942,264252,465,12168,14.56,654,4.30,4.51,4.14,,,,
Iceland,2005,294976,6312,5,46,7.74,6,3.04,1.95,1.43,,,,
India,2005,1147609924,18935564,21460,224046,2.33,16942,0.07,0.00,1.16,,,,
Indonesia,2005,226289468,1063560,634,15212,0.48,561,0.06,0.00,0.00,,,,
Iran,2005,69762345,258121,237,1903,0.58,203,0.40,0.00,0.01,,,,
Iraq,2005,26922279,118458,57,542,0.44,39,0.20,0.00,0.03,,,,
Ireland,2005,4141218,144114,82,1524,14.2,97,7.88,2.58,2.45,,,,
Israel,2005,6529470,63336,68,442,2.7,74,1.12,0.16,1.27,,,,
Italy,2005,5828129,93833,20,32117,9.41,310,1.64,5.85,1.07,,,,
Jamaica,2005,2740000,30140,9,282,4.43,7,1.58,0.48,1.60,,,,
Japan,2005,128326115,782789,462,50371,7.99,689,2.50,0.29,3.36,,,,
Jordan,2005,5765639,24792,13,115,0.66,8,0.06,0.02,0.33,,,,
Kazakhstan,2005,15402803,579145,2826,13529,9.33,2872,0.82,0.31,4.39,,,,
Kenya,2005,36624897,278349,549,12119,3.01,222,0.65,0.02,0.01,,,,
Kiribati,2005,92319,554,1,20,2.16,0,0.39,0.02,0.02,,,,
Kuwait,2005,2270196,9989,6,18,0.02,5,0.00,0.00,0.01,,,,
Kyrgyzstan,2005,5075340,185757,558,3099,11.19,447,0.26,0.08,5.79,,,,
Laos,2005,5751675,51190,103,1781,4.37,68,0.85,0.00,2.28,,,,
Latvia,2005,2251996,52922,269,1914,11.96,347,1.97,0.94,4.57,,,,
Lebanon,2005,4698761,20205,14,249,2.31,11,0.44,0.55,0.75,,,,
Lesotho,2005,1996115,44913,46,1538,5.37,29,1.53,0.00,0.01,,,,
Liberia,2005,3218144,16413,43,888,6.05,20,0.17,0.00,3.90,,,,
Libya,2005,5798615,26094,20,125,0.08,14,0.30,0.15,0.16,,,,
Lithuania,2005,3344259,77252,446,3647,16.1,551,3.78,1.63,4.66,,,,
Luxembourg,2005,457848,11812,16,261,13.58,22,4.74,5.39,2.45,,,,
Madagascar,2005,18336722,249379,257,2762,1.53,107,0.39,0.07,0.33,,,,
Malawi,2005,12625950,193177,223,3439,2.87,94,0.16,0.01,0.22,,,,
Malaysia,2005,25690615,141298,170,2275,1.28,141,0.45,0.02,0.08,,,,
Maldives,2005,319604,1950,1,13,1.52,1,0.48,0.29,0.58,,,,
Mali,2005,12775509,58767,132,1503,1.05,64,0.06,0.00,0.00,,,,
Malta,2005,404659,7365,2,82,6.65,3,2.88,2.54,1.54,,,,
Mauritania,2005,3024198,13609,28,143,0.13,14,0.00,0.00,0.01,,,,
Mauritius,2005,1222010,14175,57,384,5,64,2.21,0.20,1.66,,,,
Mexico,2005,106005199,1547676,5131,33318,6.48,4135,3.76,0.09,1.00,,,,
Micronesia (country),2005,106135,807,2,24,2.78,2,2.14,0.16,0.25,,,,
Moldova,2005,4159296,82354,376,5051,19.95,446,0.47,5.11,3.34,,,,
Mongolia,2005,2526429,90951,367,1873,5.28,335,0.67,0.54,4.25,,,,
Montenegro,2005,616388,12328,7,500,,9,5.11, 2.87 ,,,,,
Morocco,2005,30455563,127913,107,1249,0.96,90,0.21,0.17,0.06,,,,
Mozambique,2005,20493927,317656,371,2623,1.3,158,0.54,0.07,0.00,,,,
Myanmar,2005,48949931,381809,529,11463,1.65,432,0.10,0.00,0.50,,,,
Namibia,2005,1938316,45938,40,1005,2.7,23,0.75,0.11,0.98,,,,
Nauru,2005,9848,77,1,3,3.4,0,4.18,0.02,0.12,,,,
Nepal,2005,25744500,308934,227,4020,1.95,156,0.07,0.00,0.14,,,,
Netherlands,2005,16367163,252054,223,6893,10.71,312,5.08,3.13,1.58,,,,
New Zealand,2005,4135353,71542,36,1088,10.92,43,4.22,2.99,1.37,,,,
Nicaragua,2005,5438692,148476,461,1124,5.3,271,1.04,0.02,2.51,,,,
Niger,2005,13624474,64035,165,654,0.25,65,0.06,0.02,0.03,,,,
Nigeria,2005,138865014,680439,1944,43051,12.51,931,0.42,0.01,0.02,,,,
North Korea,2005,23904167,174500,294,8022,3.68,324,0.23,0.00,3.01,,,,
North Macedonia,2005,2060280,38321,26,838,7.03,33,2.12,1.46,0.78,,,,
Norway,2005,4632359,74118,186,1135,8.87,252,2.93,2.00,1.28,,,,
Oman,2005,2511254,11050,10,70,1.56,5,0.13,0.01,0.39,,,,
Pakistan,2005,160304007,2148074,2485,13365,0.16,1544,0.00,0.00,0.03,,,,
Panama,2005,3330222,52284,27,533,5.49,22,2.91,0.17,1.78,,,,
Papua New Guinea,2005,6494902,50011,88,313,1.6,58,0.55,0.02,0.01,,,,
Paraguay,2005,5824095,145602,163,1379,6.66,113,2.98,0.94,1.70,,,,
Peru,2005,27866140,284235,477,4739,6.99,373,1.85,0.41,2.10,,,,
Philippines,2005,86326251,681977,1183,28318,5.67,906,1.18,0.01,2.89,,,,
Poland,2005,38368957,1154906,3077,23796,10.6,3937,4.14,1.24,3.00,,,,
Portugal,2005,10508494,363594,129,7792,13.37,180,3.45,6.37,2.01,,,,
Qatar,2005,865410,4414,3,32,1.67,2,0.09,0.09,0.66,,,,
Romania,2005,21417287,514015,673,21405,15.84,888,3.38,2.34,3.21,,,,
Russia,2005,143672125,5373337,40674,309562,17.36,52546,2.19,1.03,6.90,,,,
Rwanda,2005,8840220,295263,191,5086,13,80,0.58,0.00,0.00,,,,
Saint Kitts and Nevis,2005,46852,731,6,16,11.53,6,3.63,1.21,5.78,,,,
Saint Lucia,2005,163408,2778,6,63,11.62,6,3.22,1.28,7.16,,,,
Saint Vincent and the Grenadines,2005,108617,2151,6,32,5.99,5,1.96,0.52,3.32,,,,
Samoa,2005,179722,1204,2,30,4.2,2,2.85,0.08,0.24,,,,
Sao Tome and Principe,2005,157472,850,2,55,8.72,1,1.17,3.55,0.83,,,,
Saudi Arabia,2005,23816175,107491,83,459,0.17,61,0.00,0.00,0.05,,,,
Senegal,2005,11090123,5323,125,771,0.85,63,0.16,0.13,0.04,,,,
Serbia,2005,9193818,195823,330,6005,,466,3.93, 2.36 ,,,,,
Seychelles,2005,88652,700,1,45,6.13,1,6.21,0.63,0.82,,,,
Sierra Leone,2005,5645629,28228,69,1739,5.57,32,0.12,0.09,0.02,,,,
Singapore,2005,4265693,28154,7,182,1.78,8,1.29,0.18,0.18,,,,
Slovakia,2005,5398962,118237,128,3320,12.06,160,4.48,1.56,5.41,,,,
Slovenia,2005,1994979,50074,87,1144,12.3,128,5.13,5.22,1.09,,,,
Solomon Islands,2005,469918,1880,12,47,1.6,9,0.63,0.03,0.41,,,,
Somalia,2005,10446856,127452,202,632,0.07,95,0.00,4.26,0.00,,,,
South Africa,2005,47880595,1082101,728,36193,9.58,578,4.40,1.34,1.32,,,,
South Korea,2005,48701069,1685057,886,23384,10.58,1060,2.19,0.12,0.34,,,,
Spain,2005,44019118,858373,326,21363,12.83,456,3.78,3.67,3.27,,,,
Sri Lanka,2005,19544988,201313,620,7625,2.59,608,0.10,0.00,1.63,,,,
Sudan,2005,30949514,133083,139,1979,,81,,,,,,,
Suriname,2005,499461,7842,13,159,5.41,11,1.69,0.12,2.75,,,,
Sweden,2005,9038627,259409,325,3501,8.64,486,2.70,2.71,1.09,,,,
Switzerland,2005,7386818,212002,168,3769,11.64,261,3.39,5.14,1.79,,,,
Syria,2005,18361178,78953,90,617,0.92,51,0.04,0.00,0.74,,,,
Tajikistan,2005,6789318,175164,254,1196,2.51,187,0.14,0.18,0.32,,,,
Tanzania,2005,38450323,534459,515,16368,8.71,229,0.51,0.01,0.15,,,,
Thailand,2005,65416189,817702,595,29347,6.81,667,1.11,0.02,4.49,,,,
Timor,2005,995130,6866,8,130,0.83,5,0.43,0.02,0.00,,,,
Togo,2005,5611643,29181,72,1040,3.26,33,0.44,0.31,0.78,,,,
Tonga,2005,100908,676,1,10,2.32,1,0.66,0.28,0.63,,,,
Trinidad and Tobago,2005,1296497,18929,23,338,6.17,24,2.12,0.17,2.72,,,,
Tunisia,2005,10106778,42448,30,481,1.46,28,0.78,0.34,0.06,,,,
Turkey,2005,67903641,366680,177,3455,2.12,168,0.82,0.07,0.49,,,,
Turkmenistan,2005,4754652,150722,344,1766,4.88,282,0.08,0.92,1.25,,,,
Tuvalu,2005,9997,74,0,1,2.03,0,0.92,0.01,0.62,,,,
Uganda,2005,27684590,240856,520,13702,12.92,181,0.57,0.00,0.19,,,,
Ukraine,2005,46890775,1289496,10002,58571,12.01,12951,1.28,0.39,3.70,,,,
United Arab Emirates,2005,4588222,26612,30,212,3.64,22,0.54,0.13,2.14,,,,
United Kingdom,2005,60287953,1088639,1224,22665,13.89,1561,4.98,3.42,2.46,,,,
United States,2005,294993509,7551834,8319,95606,9.49,10356,4.62,1.36,2.65,,,,
Uruguay,2005,3321799,50159,65,1558,7.46,81,1.37,4.18,0.77,,,,
Uzbekistan,2005,26427785,695051,412,8057,4.15,341,0.20,0.16,1.15,,,,
Vanuatu,2005,209282,1632,3,24,1.2,2,0.46,0.22,0.19,,,,
Venezuela,2005,26432445,428206,233,6904,9.42,182,5.61,0.18,1.60,,,,
Vietnam,2005,83832662,871860,738,21892,2.63,651,0.69,0.01,0.06,,,,
Yemen,2005,20107416,82440,90,717,0.34,51,0.07,0.00,0.00,,,,
Zambia,2005,11856244,184957,237,4814,3.9,87,0.50,0.11,0.27,,,,
Zimbabwe,2005,12076697,223419,75,4486,2.77,41,0.67,0.01,0.37,,,,
Afghanistan,2010,29185511,128416,216,492,0.21,118,1.67,0.05,0.00,,,,
Albania,2010,2948029,51296,15,664,7.69,17,1.75,1.08,1.97,,,,
Algeria,2010,35977541,158301,112,935,0.65,94,0.31,0.13,0.04,,,,
Andorra,2010,84454,1934,1,38,11.11,1,3.50,4.71,2.59,,,,
Angola,2010,23356247,259254,360,10471,8.16,158,3.78,0.85,2.36,,,,
Antigua and Barbuda,2010,88030,1857,5,23,5.6,5,2.97,1.00,3.13,,,,
Argentina,2010,40895751,924244,732,17750,9.09,775,3.62,3.91,0.45,,,,
Armenia,2010,2877314,63013,50,907,5.69,62,0.52,0.24,3.58,,,,
Australia,2010,22154687,420939,405,7247,12.39,510,3.71,3.87,1.30,,,,
Austria,2010,8409945,262390,293,4961,12.2,456,6.10,4.30,1.70,,,,
Azerbaijan,2010,9032465,242973,191,3496,2.97,197,0.34,0.21,0.51,,,,
Bahamas,2010,654936,13688,27,119,4.12,15,3.66,1.31,3.98,,,,
Bahrain,2010,1240864,6701,6,53,1.69,5,0.40,0.11,1.37,,,,
Bangladesh,2010,147575433,1697117,384,7837,0.16,280,0.00,1.65,0.06,,,,
Barbados,2010,282131,4034,5,91,7.95,6,3.66,1.19,3.97,,,,
Belarus,2010,9420576,270371,2067,12642,17.43,2917,2.18,0.75,5.94,,,,
Belgium,2010,10938735,273468,324,7207,11.4,476,4.40,3.72,1.48,,,,
Belize,2010,322465,5321,10,85,7.08,7,3.88,0.24,1.75,,,,
Benin,2010,9199254,50596,120,1429,2.47,52,0.81,0.18,0.17,,,,
Bhutan,2010,685502,17960,7,83,0.92,6,0.01,0.01,0.11,,,,
Bolivia,2010,10048597,111539,412,2543,5.56,307,2.22,0.16,0.56,,,,
Bosnia and Herzegovina,2010,3705478,77815,65,1199,7.32,95,4.19,0.44,0.61,,,,
Botswana,2010,1987106,40537,36,1028,8.62,23,2.93,0.50,0.67,,,,
Brazil,2010,195713637,6145408,8846,73375,8.49,9093,3.84,0.30,2.63,,,,
Brunei,2010,388634,3731,1,11,0.51,1,0.66,0.01,0.05,,,,
Bulgaria,2010,7425011,139590,73,7742,11.32,100,4.44,1.11,4.67,,,,
Burkina Faso,2010,15605211,84268,226,5308,8.58,106,1.00,0.06,0.12,,,,
Burundi,2010,8675606,124929,153,4586,7.66,65,1.84,0.00,0.00,,,,
Cambodia,2010,14312205,107342,145,6530,4.91,110,4.12,0.01,0.39,,,,
Cameroon,2010,20341236,115945,295,7205,8.43,145,2.36,0.10,0.00,,,,
Canada,2010,34147566,659048,802,10867,10.1,1128,3.60,1.90,2.10,,,,
Cape Verde,2010,429644,2320,3,149,7.51,3,2.28,1.81,0.61,,,,
Central African Republic,2010,4386765,50448,99,2058,3.98,53,0.55,0.02,0.04,,,,
Chad,2010,11952134,59761,176,2559,6.58,71,0.37,0.05,0.03,,,,
Chile,2010,17062531,499932,479,7200,9.31,534,2.76,3.10,2.10,,,,
China,2010,1368810604,16015084,16973,459307,7.07,21077,1.66,0.17,3.91,,,,
Colombia,2010,45222699,985855,118,7023,5.04,112,3.09,0.05,1.28,,,,
Comoros,2010,689696,8828,7,47,0.25,4,0.04,0.03,0.07,,,,
Congo,2010,4273738,50857,72,1239,6.17,41,5.11,0.22,0.46,,,,
Costa Rica,2010,4577371,88801,72,845,4.8,68,2.39,0.32,1.29,,,,
Cote d'Ivoire,2010,20532944,112931,329,6165,2.53,157,1.13,0.31,0.10,,,,
Croatia,2010,4328163,96951,176,3247,10.08,286,4.75,5.02,1.21,,,,
Cuba,2010,11225833,179613,306,3285,5.02,422,1.77,0.20,2.44,,,,
Cyprus,2010,1112617,20138,6,300,11.35,8,2.85,2.67,4.87,,,,
Czechia,2010,10536514,252876,309,6772,14.06,425,6.77,2.71,3.26,,,,
Democratic Republic of Congo,2010,64563853,652095,962,9633,1.75,505,0.50,0.01,0.02,,,,
Denmark,2010,5554849,176644,542,3768,11,833,3.45,4.92,1.44,,,,
Djibouti,2010,840194,11931,15,72,0.67,8,0.09,0.03,0.22,,,,
Dominica,2010,70877,1453,3,29,9.65,4,1.64,0.39,7.32,,,,
Dominican Republic,2010,9695117,14579,111,2593,6.11,99,3.15,0.15,2.64,,,,
Ecuador,2010,15011114,180133,489,3912,6.16,413,2.32,0.07,1.21,,,,
Egypt,2010,82761244,339321,157,4615,0.36,125,0.09,0.02,0.07,,,,
El Salvador,2010,6183877,238079,921,1887,3.31,754,1.50,0.06,1.32,,,,
Equatorial Guinea,2010,943640,10852,11,205,9.2,5,3.83,2.63,1.73,,,,
Eritrea,2010,3170437,54849,64,1221,1.38,48,0.42,0.00,0.00,,,,
Estonia,2010,1332103,26908,191,1351,12.39,254,3.61,1.65,5.64,,,,
Eswatini,2010,1064841,25130,19,708,6.82,10,2.45,0.05,0.03,,,,
Ethiopia,2010,87639962,2331223,1420,15378,2.5,539,0.92,0.00,0.10,,,,
Fiji,2010,859816,5245,2,80,3,2,1.64,0.18,0.88,,,,
Finland,2010,5365784,138947,452,3094,12.59,674,3.97,1.86,1.50,,,,
France,2010,62879535,1439941,2729,41323,12.4,3901,2.43,7.27,2.65,,,,
Gabon,2010,1624146,19815,28,811,9.89,17,5.31,1.15,1.55,,,,
Gambia,2010,1793199,9145,23,412,3.81,10,0.21,0.02,0.01,,,,
Georgia,2010,4099095,93869,44,2145,9.67,52,1.71,3.22,3.03,,,,
Germany,2010,80827001,1834779,3508,71398,12.64,5726,5.67,3.22,2.15,,,,
Ghana,2010,24779614,133810,322,9165,4.26,180,0.53,0.07,0.35,,,,
Greece,2010,10887640,199244,25,3942,9.67,38,2.13,4.00,1.90,,,,
Grenada,2010,106227,1700,3,37,8.31,3,3.54,0.43,3.75,,,,
Guatemala,2010,14630420,538399,2326,4826,3.51,1582,0.90,0.04,1.16,,,,
Guinea-Bissau,2010,1522603,8222,37,559,4.47,12,0.41,0.71,0.57,,,,
Guinea,2010,10192168,49942,143,1506,0.7,72,0.29,0.02,0.01,,,,
Guyana,2010,749430,15138,28,434,6.78,24,2.75,0.01,3.26,,,,
Haiti,2010,9949318,159189,435,12981,2.99,295,0.55,0.01,2.15,,,,
Honduras,2010,8317467,200451,481,2148,3.59,287,1.60,0.02,1.59,,,,
Hungary,2010,9927380,244214,369,10366,12.09,549,3.96,3.16,3.64,,,,
Iceland,2010,320342,7048,6,53,7.5,7,4.39,1.87,1.21,,,,
India,2010,1234281163,19871927,23451,275927,4.35,19903,0.23,0.00,2.56,,,,
Indonesia,2010,241834226,1209171,677,16485,0.59,596,0.06,0.01,0.01,,,,
Iran,2010,73762519,250793,221,2449,1.01,212,0.00,0.00,0.03,,,,
Iraq,2010,29741977,127891,59,619,0.49,44,0.12,0.00,0.05,,,,
Ireland,2010,4554330,167144,85,1467,12.07,102,5.10,2.91,2.17,,,,
Israel,2010,7346446,69057,52,487,3.12,58,1.78,0.14,1.25,,,,
Italy,2010,59325232,355136,214,30236,7.34,340,1.94,4.45,0.84,,,,
Jamaica,2010,2810464,32601,10,345,4.38,9,1.19,0.13,1.70,,,,
Japan,2010,128542349,784108,437,47427,7.2,680,1.35,0.29,0.74,,,,
Jordan,2010,7261541,31225,15,132,0.64,9,0.06,0.00,0.36,,,,
Kazakhstan,2010,16252273,671219,2173,11316,4.97,2245,2.44,0.07,1.86,,,,
Kenya,2010,42030684,311027,622,13939,3.29,262,0.81,0.02,0.54,,,,
Kiribati,2010,102930,607,1,19,1.65,1,0.26,0.03,0.00,,,,
Kuwait,2010,2991884,12865,7,21,0.03,6,1.69,0.29,5.30,,,,
Kyrgyzstan,2010,5422298,184358,441,3073,10.08,379,0.45,0.29,5.10,,,,
Laos,2010,6249168,54368,92,1945,7.1,65,3.62,0.04,3.62,,,,
Latvia,2010,2118855,48946,225,1904,11.63,300,5.30,1.05,3.64,,,,
Lebanon,2010,4953064,21298,15,257,1.94,12,0.38,0.21,0.77,,,,
Lesotho,2010,1995575,44302,47,1623,6.5,31,1.98,0.00,0.58,,,,
Liberia,2010,3891357,19846,54,1010,5.37,26,0.38,0.00,3.32,,,,
Libya,2010,6197667,27890,22,155,0.1,18,0.00,0.00,0.00,,,,
Lithuania,2010,3123825,71536,338,3305,15.25,435,4.59,1.10,4.65,,,,
Luxembourg,2010,507890,12799,16,255,12.98,23,4.05,5.25,2.40,,,,
Madagascar,2010,21151640,281317,288,2996,1.87,123,0.50,0.10,0.33,,,,
Malawi,2010,14539609,216640,246,3707,3.21,101,0.08,0.00,0.18,,,,
Malaysia,2010,28208028,149503,175,2472,1.32,149,0.48,0.03,0.10,,,,
Maldives,2010,365730,2341,1,11,1.65,1,0.33,0.51,0.65,,,,
Mali,2010,15049352,69227,157,1606,1.09,75,0.09,0.01,0.02,,,,
Malta,2010,414257,7664,2,93,6.58,3,2.80,2.21,1.69,,,,
Mauritania,2010,3494200,16073,31,141,0.09,15,1.57,0.02,1.99,,,,
Mauritius,2010,1247953,15350,62,344,3.81,76,1.94,0.22,0.78,,,,
Mexico,2010,114092961,1654348,4393,36400,5.21,3802,3.72,0.18,0.23,,,,
Micronesia (country),2010,102916,762,2,22,2.85,2,0.92,0.30,0.59,,,,
Moldova,2010,4086090,82539,454,4679,15.54,560,1.53,2.98,1.68,,,,
Mongolia,2010,2719902,116140,524,2580,9.65,535,2.23,1.23,4.89,,,,
Montenegro,2010,624279,12361,6,470,15.07,8,3.83,3.21,2.35,,,,
Morocco,2010,32343384,135842,110,1239,0.9,99,0.18,0.18,0.09,,,,
Mozambique,2010,23531567,371799,485,3637,1.63,204,1.03,0.02,0.13,,,,
Myanmar,2010,50600827,399747,440,15532,2.9,387,0.50,0.01,0.81,,,,
Namibia,2010,2118877,47675,37,945,1.99,22,1.37,0.13,0.07,,,,
Nauru,2010,10009,77,0,3,5.73,0,0.54,0.24,2.46,,,,
Nepal,2010,27013207,329561,240,5132,1.94,180,0.22,0.00,0.12,,,,
Netherlands,2010,16682927,258585,210,6818,10.21,315,3.99,3.18,1.53,,,,
New Zealand,2010,4370060,100074,42,1157,11.32,51,3.39,3.23,1.52,,,,
Nicaragua,2010,5824058,168898,488,1270,4.79,318,1.57,0.02,1.99,,,,
Niger,2010,16464025,75735,188,684,0.31,71,0.04,0.01,0.05,,,,
Nigeria,2010,158503203,792516,2156,42990,11.72,1017,0.73,0.08,0.38,,,,
North Korea,2010,24548840,186571,302,8720,3.78,354,0.12,0.00,2.95,,,,
North Macedonia,2010,2070737,38102,19,821,5.93,26,1.93,1.06,0.86,,,,
Norway,2010,4885878,79151,178,1247,8.94,251,2.66,2.29,1.25,,,,
Oman,2010,3041435,13991,12,81,0.73,6,0.17,0.03,0.28,,,,
Pakistan,2010,179424643,2494003,2638,14691,0.19,1701,0.00,0.00,0.03,,,,
Panama,2010,3642691,60833,27,705,6.84,24,5.29,0.17,1.80,,,,
Papua New Guinea,2010,7310512,57022,102,395,1.67,72,0.60,0.01,0.01,,,,
Paraguay,2010,6248017,161824,216,1603,7.58,160,3.27,1.14,1.82,,,,
Peru,2010,29027680,275763,316,5798,7.69,278,3.01,0.35,1.68,,,,
Philippines,2010,93966784,742338,1137,32185,6.98,923,1.47,0.02,3.29,,,,
Poland,2010,38329784,1192056,3227,26047,11.21,4295,5.90,0.98,3.77,,,,
Portugal,2010,10596055,363445,135,7371,12.51,197,2.62,6.44,1.41,,,,
Qatar,2010,1856329,9653,5,53,1.69,4,0.29,0.09,0.66,,,,
Romania,2010,20471860,452428,477,21358,13.97,662,5.33,3.16,2.02,,,,
Russia,2010,143479273,4835252,25654,235016,15.87,33886,3.03,1.06,5.41,,,,
Rwanda,2010,10039338,323267,197,4452,10.27,89,0.23,0.01,0.04,,,,
Saint Kitts and Nevis,2010,49011,804,6,17,9.45,7,3.73,0.99,3.93,,,,
Saint Lucia,2010,174092,3203,7,67,9.69,7,3.21,0.98,5.51,,,,
Saint Vincent and the Grenadines,2010,108260,2338,6,38,7.03,6,2.52,0.52,4.22,,,,
Samoa,2010,185944,1227,2,26,2.97,2,2.01,0.04,0.35,,,,
Sao Tome and Principe,2010,180372,992,3,56,8.34,1,0.42,3.66,0.53,,,,
Saudi Arabia,2010,27421468,123397,88,550,0.17,71,0.09,0.01,0.23,,,,
Senegal,2010,12678143,60855,134,784,0.6,68,0.21,0.02,0.03,,,,
Serbia,2010,8991258,189716,290,5390,11.69,431,3.24,3.04,2.29,,,,
Seychelles,2010,91273,712,1,46,10.19,1,4.11,0.33,2.36,,,,
Sierra Leone,2010,6415636,32078,78,1706,5.83,36,0.17,0.00,0.02,,,,
Singapore,2010,5131170,34379,9,219,2.19,10,1.25,0.25,0.27,,,,
Slovakia,2010,5404293,123758,158,3463,12,208,3.43,2.13,4.61,,,,
Slovenia,2010,2043336,50470,105,1097,11.54,163,4.66,4.85,0.89,,,,
Solomon Islands,2010,527861,3695,14,53,1.6,10,1.10,0.03,0.07,,,,
Somalia,2010,12043886,143322,323,710,0.28,109,0.85,0.00,2.71,,,,
South Africa,2010,51216967,1106286,686,32062,10.04,552,3.90,1.19,1.28,,,,
South Korea,2010,49545638,1630051,689,23146,9.97,935,1.72,0.14,0.40,,,,
Spain,2010,46931011,872917,291,19384,10.03,427,4.57,2.15,2.53,,,,
Sri Lanka,2010,20261738,190460,357,6590,3.92,374,0.22,0.00,1.97,,,,
Sudan,2010,34545014,148544,145,1343,,86,,,,,,,
Suriname,2010,529126,8995,13,174,6.22,13,3.40,0.14,2.91,,,,
Sweden,2010,9390157,261046,259,3887,9.49,405,2.69,3.40,1.11,,,,
Switzerland,2010,7808674,210053,162,3774,11.41,262,3.17,4.94,1.77,,,,
Syria,2010,21362541,93995,105,675,0.88,62,0.02,0.00,0.65,,,,
Tajikistan,2010,7527397,194960,230,1249,2.4,178,0.38,0.01,0.37,,,,
Tanzania,2010,44346532,620851,590,17012,9.74,265,0.74,0.07,0.38,,,,
Thailand,2010,67195032,813060,497,32475,7.71,619,1.79,0.09,4.22,,,,
Timor,2010,1093517,7873,8,160,0.7,5,0.27,0.06,0.02,,,,
Togo,2010,6421674,33393,84,1254,2.11,41,0.78,0.07,0.20,,,,
Tonga,2010,103981,697,1,9,1.39,1,0.03,0.09,0.23,,,,
Trinidad and Tobago,2010,1328144,21516,26,375,6.21,30,2.92,0.10,2.71,,,,
Tunisia,2010,10635245,44668,30,565,1.4,30,0.99,0.26,0.11,,,,
Turkey,2010,72326992,368868,166,3564,2.32,172,0.67,0.13,0.51,,,,
Turkmenistan,2010,5087211,161265,225,1740,4.82,192,0.65,1.33,1.31,,,,
Tuvalu,2010,10521,80,0,1,1.68,0,0.01,0.52,0.35,,,,
Uganda,2010,32428164,272397,564,13270,13.5,194,0.85,0.01,0.58,,,,
Ukraine,2010,45792086,1163119,6333,45812,13.57,8380,2.44,0.46,3.87,,,,
United Arab Emirates,2010,8549998,50445,54,374,3.15,48,0.22,0.11,1.36,,,,
United Kingdom,2010,63459801,1935524,1371,23437,12.06,1751,3.57,3.23,2.20,,,,
United States,2010,309011469,6365636,9270,109066,9.36,11831,3.97,1.45,2.81,,,,
Uruguay,2010,3359273,58787,75,1572,7.1,97,1.98,3.62,0.58,,,,
Uzbekistan,2010,28515908,618795,168,7231,3.01,144,0.18,0.09,1.46,,,,
Vanuatu,2010,236216,1866,4,31,1.7,3,0.34,0.37,0.65,,,,
Venezuela,2010,28439942,474947,173,8033,8.67,149,1.54,0.10,1.66,,,,
Vietnam,2010,87967655,1064409,765,35814,4.9,762,3.18,0.02,0.16,,,,
Yemen,2010,23154854,94935,95,671,0.18,57,0.02,0.00,0.00,,,,
Zambia,2010,13605986,206811,256,5413,5.43,99,1.26,0.01,0.15,,,,
Zimbabwe,2010,12697728,227289,81,4939,3.93,46,1.20,0.06,0.36,,,,
Afghanistan,2015,34413603,147978,286,522,0.21,131,3.76,3.80,0.00,,,,
Albania,2015,2890524,43428,15,726,6.74,18,1.48,1.10,1.68,,,,
Algeria,2015,39728020,170830,139,1131,0.93,103,0.31,0.17,0.07,,,,
Andorra,2015,77993,1786,1,36,11.01,1,3.16,5.40,2.36,,,,
Angola,2015,27884380,303940,455,11271,7.96,182,3.25,1.10,2.07,,,,
Antigua and Barbuda,2015,93571,2030,5,26,5.89,6,2.68,2.44,3.69,,,,
Argentina,2015,43075416,969197,935,19272,9.55,728,3.39,3.41,0.82,,,,
Armenia,2015,2925559,57634,62,807,5.84,65,0.49,0.22,3.33,,,,
Australia,2015,23932499,483436,428,8057,10.83,553,3.76,3.80,1.22,,,,
Austria,2015,8678667,241267,273,5039,12.07,519,6.10,3.60,1.90,,,,
Azerbaijan,2015,9622741,246342,236,3768,4.58,208,0.30,0.14,0.07,,,,
Bahamas,2015,374200,7896,15,128,4.55,16,3.65,1.39,3.86,,,,
Bahrain,2015,1371853,6859,7,57,1.3,5,0.39,0.11,1.00,,,,
Bangladesh,2015,156256287,1687568,453,8606,0.02,286,0.00,0.56,1.23,,,,
Barbados,2015,285327,3995,5,105,9.33,7,3.38,1.52,4.60,,,,
Belarus,2015,9439424,276575,1976,10118,12,3057,2.00,0.75,4.24,,,,
Belgium,2015,11287931,281069,296,7176,11.82,530,4.60,3.97,1.47,,,,
Belize,2015,360926,6100,11,104,6.74,9,4.25,0.68,1.64,,,,
Benin,2015,10575962,58168,139,1709,2.97,61,1.03,0.07,0.20,,,,
Bhutan,2015,727885,18850,8,80,0.42,6,0.04,0.00,0.00,,,,
Bolivia,2015,10869732,119567,483,2780,4.64,337,2.36,0.13,0.59,,,,
Bosnia and Herzegovina,2015,3429362,71331,80,1241,6.92,93,3.72,0.46,0.56,,,,
Botswana,2015,2120716,42626,45,981,6.86,26,3.33,0.29,0.88,,,,
Brazil,2015,204471759,6686227,9385,74920,7.86,8958,4.10,0.24,2.26,,,,
Brunei,2015,414914,3942,1,13,0.46,1,0.66,0.01,0.00,,,,
Bulgaria,2015,7199739,135355,103,7868,12.34,95,4.22,1.95,4.62,,,,
Burkina Faso,2015,18110616,99608,268,6281,11.83,134,0.88,0.04,0.24,,,,
Burundi,2015,10160034,144272,189,4846,7.03,75,1.76,0.00,0.00,,,,
Cambodia,2015,15521435,119515,177,8541,6.37,121,2.93,0.02,0.40,,,,
Cameroon,2015,23298376,132801,347,7909,6.17,169,2.82,0.16,0.01,,,,
Canada,2015,36026668,702520,811,12397,8.88,1321,3.70,2.00,2.00,,,,
Cape Verde,2015,524740,2886,4,164,5.95,4,2.26,1.70,0.58,,,,
Central African Republic,2015,4493171,49874,104,2156,2.43,58,0.53,0.02,0.02,,,,
Chad,2015,14110971,69144,209,3011,1.45,80,0.48,0.01,0.01,,,,
Chile,2015,17969356,517517,606,7726,9.26,486,2.85,2.61,2.43,,,,
China,2015,1406847868,16882174,19133,475068,7.15,19893,1.73,0.19,3.74,,,,
Colombia,2015,47520667,1031198,119,6743,5.78,112,3.20,0.05,0.90,,,,
Comoros,2015,777435,9951,9,64,0.88,5,0.04,0.03,0.07,,,,
Congo,2015,4856093,56816,87,1581,7.9,48,3.87,0.13,0.45,,,,
Costa Rica,2015,4847805,94047,77,963,4.76,76,2.26,0.15,0.35,,,,
Cote d'Ivoire,2015,23226148,125421,399,6958,2.61,180,1.03,0.33,0.13,,,,
Croatia,2015,4232874,97779,160,2977,9.07,270,4.55,3.76,1.33,,,,
Cuba,2015,11324777,180064,273,4209,5.67,561,1.80,0.22,2.61,,,,
Cyprus,2015,1160987,20317,7,295,10.76,9,2.85,2.72,4.02,,,,
Czechia,2015,10601390,255493,323,6460,14.25,437,6.87,2.66,3.23,,,,
Democratic Republic of Congo,2015,76244532,777694,1167,13229,2.05,591,0.55,0.01,0.04,,,,
Denmark,2015,5688695,178056,603,3344,10.36,794,3.45,4.26,1.65,,,,
Djibouti,2015,913998,12796,16,75,0.49,10,0.10,0.02,0.19,,,,
Dominica,2015,71175,1537,3,33,11.32,4,2.22,0.29,4.65,,,,
Dominican Republic,2015,10281675,146000,133,3415,6.61,139,2.85,0.11,2.35,,,,
Ecuador,2015,16212022,184817,725,3650,4.98,318,2.99,0.06,0.62,,,,
Egypt,2015,92442549,369770,176,5415,0.4,139,0.11,0.01,0.06,,,,
El Salvador,2015,6325121,239090,1240,2515,3.59,832,1.16,0.05,1.32,,,,
Equatorial Guinea,2015,1168575,13555,14,250,9.08,6,5.75,1.18,1.12,,,,
Eritrea,2015,3342818,56828,71,1235,1.42,54,0.52,0.00,0.00,,,,
Estonia,2015,1315330,26570,257,1261,12.39,208,6.00,2.25,6.47,,,,
Eswatini,2015,1104038,25614,21,628,9.84,10,2.14,0.06,0.12,,,,
Ethiopia,2015,100835453,2641889,1865,17395,2.19,567,0.59,0.01,0.15,,,,
Fiji,2015,868632,5125,2,97,3.33,2,1.61,0.25,0.77,,,,
Finland,2015,5481128,131547,560,2724,11.18,571,4.13,1.75,1.18,,,,
France,2015,64543194,1445768,2892,40348,12.64,3664,2.16,7.09,2.42,,,,
Gabon,2015,1947690,23178,35,836,9.57,18,6.37,0.68,0.93,,,,
Gambia,2015,2085860,10846,29,439,3.67,12,0.23,0.00,0.01,,,,
Georgia,2015,4024180,88532,40,2221,9.61,42,1.39,2.59,2.95,,,,
Germany,2015,81787411,1758429,3623,73839,13.06,6320,5.88,3.11,2.07,,,,
Ghana,2015,27849203,150386,365,9668,3.12,209,0.47,0.04,0.53,,,,
Greece,2015,10659737,188677,22,3867,10.49,43,2.10,3.01,1.48,,,,
Grenada,2015,109603,1776,3,42,9.07,4,3.33,0.62,3.98,,,,
Guatemala,2015,16252425,586713,3239,5102,2.55,1502,0.90,0.04,0.69,,,,
Guinea-Bissau,2015,1737207,9381,32,578,5.05,14,0.41,0.90,0.54,,,,
Guinea,2015,11432096,57160,153,1728,1.07,79,0.36,0.01,0.01,,,,
Guyana,2015,767433,15732,27,459,7.35,25,2.51,0.00,2.94,,,,
Haiti,2015,10695540,168990,474,3882,2.69,345,0.28,0.01,2.47,,,,
Honduras,2015,9112904,222355,531,2966,3.49,350,1.22,0.02,1.25,,,,
Hungary,2015,9777925,230759,451,9031,11.6,496,3.92,3.40,3.62,,,,
Iceland,2015,330237,7364,6,60,8.74,8,4.26,2.15,1.25,,,,
India,2015,1310152392,16376905,24500,310787,5.54,20753,0.21,0.00,2.79,,,,
Indonesia,2015,258383257,1266078,723,16452,0.6,617,0.06,0.01,0.01,,,,
Iran,2015,78492208,251175,267,2728,1.01,232,0.00,0.00,0.01,,,,
Iraq,2015,35572269,145846,75,735,0.37,51,0.11,0.00,0.05,,,,
Ireland,2015,4652420,166557,92,1439,12.47,89,5.10,2.88,2.02,,,,
Israel,2015,7978496,71806,83,556,3.86,56,1.58,0.07,1.05,,,,
Italy,2015,60578489,926851,212,29494,7.59,349,1.79,4.62,0.74,,,,
Jamaica,2015,2891024,32669,9,379,4.19,8,1.13,0.14,1.79,,,,
Japan,2015,127985139,806306,461,45003,7.87,677,1.53,0.40,1.14,,,,
Jordan,2015,9266573,38920,21,150,0.69,12,0.05,0.00,0.24,,,,
Kazakhstan,2015,17572010,636107,3224,9436,4.66,1599,1.84,0.09,1.39,,,,
Kenya,2015,47878339,344721,718,14586,2.77,298,0.84,0.02,0.76,,,,
Kiribati,2015,110927,643,1,18,0.52,1,0.24,0.01,0.09,,,,
Kuwait,2015,3835588,15726,10,25,0,8,0.00,0.00,0.00,,,,
Kyrgyzstan,2015,5959126,176390,655,2817,7.59,354,0.48,0.25,4.64,,,,
Laos,2015,6741160,57974,121,2196,10.05,66,3.01,0.07,4.01,,,,
Latvia,2015,1997675,47944,239,1718,12.64,294,4.80,1.20,4.10,,,,
Lebanon,2015,6532681,27437,20,265,1.65,14,0.33,0.25,0.56,,,,
Lesotho,2015,2059011,45710,47,1718,4.8,34,1.64,0.10,0.51,,,,
Liberia,2015,4472229,22808,59,1074,5.7,29,0.33,0.10,2.73,,,,
Libya,2015,6418315,28421,22,213,0.03,21,0.00,0.00,0.00,,,,
Lithuania,2015,2931872,67433,391,2748,15.38,336,5.36,1.14,5.78,,,,
Luxembourg,2015,566741,14055,20,258,13.18,25,4.02,5.10,2.25,,,,
Madagascar,2015,24234080,324737,339,3588,1.88,140,0.46,0.07,0.33,,,,
Malawi,2015,16745305,249505,296,4006,3.62,112,0.15,0.00,0.19,,,,
Malaysia,2015,30270965,163463,200,2829,0.85,157,0.40,0.03,0.12,,,,
Maldives,2015,454314,2953,1,11,2.07,1,0.30,0.50,0.46,,,,
Mali,2015,17438772,80218,180,1796,1.25,86,0.09,0.01,0.02,,,,
Malta,2015,433559,7891,2,97,7.56,3,2.76,2.16,2.09,,,,
Mauritania,2015,4046304,18208,38,152,0.03,17,0.00,0.00,0.00,,,,
Mauritius,2015,1259457,15995,59,311,3.94,72,1.41,0.17,0.87,,,,
Mexico,2015,121858251,1730387,5898,41021,4.92,4048,3.59,0.20,0.24,,,,
Micronesia (country),2015,108886,806,2,22,2.44,2,0.92,0.13,0.52,,,,
Moldova,2015,4070705,86299,368,4317,11.87,487,1.52,2.68,2.34,,,,
Mongolia,2015,2998433,122336,435,2919,10.97,543,2.13,1.19,5.03,,,,
Montenegro,2015,626957,12539,7,480,10.92,8,3.50,1.98,2.81,,,,
Morocco,2015,34663608,145587,121,1109,0.7,105,0.16,0.17,0.07,,,,
Mozambique,2015,27042001,440785,489,4565,2.19,242,0.99,0.06,0.16,,,,
Myanmar,2015,52680724,41910,569,19081,4.41,382,0.37,0.01,1.08,,,,
Namibia,2015,2314901,50456,47,980,5.23,25,1.24,0.15,0.74,,,,
Nauru,2015,10374,82,0,3,3.71,0,0.54,0.09,1.81,,,,
Nepal,2015,27015033,324180,238,6785,2.05,210,0.19,0.00,0.04,,,,
Netherlands,2015,16938492,272710,230,7032,9.55,476,4.04,2.94,1.32,,,,
New Zealand,2015,4614527,157817,41,1251,10.44,56,3.28,2.91,1.40,,,,
Nicaragua,2015,6223234,177362,527,1518,5.03,358,1.44,0.04,2.24,,,,
Niger,2015,20001663,92008,242,818,0.55,86,0.05,0.01,0.07,,,,
Nigeria,2015,181137454,905687,2536,45057,10.81,1145,0.72,0.09,0.35,,,,
North Korea,2015,25183832,198952,310,9330,3.82,371,0.06,0.00,3.91,,,,
North Macedonia,2015,2079335,37844,26,884,5.93,25,1.67,1.04,0.83,,,,
Norway,2015,5199827,87877,209,1245,7.52,231,2.57,2.22,1.03,,,,
Oman,2015,4267341,19630,17,68,0.77,8,0.17,0.01,0.27,,,,
Pakistan,2015,199426953,275292,3091,16776,0.29,1943,0.00,0.00,0.03,,,,
Panama,2015,3968490,65083,33,794,7.71,29,5.36,0.14,1.31,,,,
Papua New Guinea,2015,8107772,63241,109,494,1.39,87,0.63,0.06,0.67,,,,
Paraguay,2015,668746,17588,19,1863,7.26,293,3.12,0.41,1.62,,,,
Peru,2015,30470739,268143,521,5997,6.63,280,3.16,0.43,2.08,,,,
Philippines,2015,102113206,806694,1399,37930,6.7,1032,1.11,0.03,3.37,,,,
Poland,2015,38034076,1270338,3050,26170,11.63,4430,5.82,0.89,3.76,,,,
Portugal,2015,10368346,340082,128,6814,11.88,180,2.57,6.05,1.34,,,,
Qatar,2015,2565708,13085,8,63,1.62,5,0.28,0.08,0.66,,,,
Romania,2015,19925182,438354,626,19108,11.64,518,5.22,2.70,1.54,,,,
Russia,2015,144985059,4538032,41045,170782,12.47,27643,3.49,0.84,3.49,,,,
Rwanda,2015,11369066,364947,246,4728,9.26,107,0.23,0.02,0.07,,,,
Saint Kitts and Nevis,2015,51204,830,7,21,8.88,9,3.25,0.83,4.10,,,,
Saint Lucia,2015,179131,3368,7,76,9.96,8,3.32,0.62,4.83,,,,
Saint Vincent and the Grenadines,2015,109135,2445,6,50,8.46,7,2.58,0.44,4.21,,,,
Samoa,2015,193510,1258,2,24,2.59,2,1.90,0.03,0.17,,,,
Sao Tome and Principe,2015,199439,1097,3,58,7.19,2,0.76,3.90,0.34,,,,
Saudi Arabia,2015,31717676,145901,111,622,0.2,85,0.00,0.00,0.00,,,,
Senegal,2015,14578450,68519,165,950,0.73,81,0.14,0.02,0.02,,,,
Serbia,2015,8876777,189963,319,5147,8.7,393,3.10,1.60,2.27,,,,
Seychelles,2015,94981,722,1,51,18.35,1,3.89,0.47,4.07,,,,
Sierra Leone,2015,7171909,35860,87,1745,5.63,43,0.12,0.00,0.03,,,,
Singapore,2015,5592143,36908,10,255,2.07,12,1.27,0.27,0.25,,,,
Slovakia,2015,5435614,24460,129,3587,11.53,248,3.42,2.60,4.25,,,,
Slovenia,2015,2071199,53644,90,1041,12.74,218,5.73,4.90,0.86,,,,
Solomon Islands,2015,603133,4222,16,56,1.55,12,0.93,0.05,0.02,,,,
Somalia,2015,13797204,164187,266,800,0.01,125,0.00,0.00,0.00,,,,
South Africa,2015,55386369,1096650,842,27901,9.61,605,3.99,1.36,1.26,,,,
South Korea,2015,50823087,1666997,925,23240,10.04,924,1.90,0.17,0.30,,,,
Spain,2015,46671919,844762,345,18713,11.32,409,4.17,3.70,2.31,,,,
Sri Lanka,2015,20908024,181900,663,6885,4.1,346,0.36,0.01,2.31,,,,
Sudan,2015,38902948,159502,175,475,0.52,92,,,,,,,
Suriname,2015,559136,9505,14,197,5.81,15,2.06,0.12,2.44,,,,
Sweden,2015,9764949,303690,352,4163,9.13,348,2.62,3.40,1.00,,,,
Switzerland,2015,8296775,220694,189,3797,11.58,263,3.17,4.58,1.76,,,,
Syria,2015,17997411,75589,88,561,0.28,59,0.03,0.00,0.20,,,,
Tajikistan,2015,8454019,197824,316,1478,3.11,135,0.36,0.01,0.54,,,,
Tanzania,2015,51482638,725905,690,17945,11.05,307,0.72,0.09,0.46,,,,
Thailand,2015,68714519,824574,625,35776,8.36,615,2.16,0.19,4.59,,,,
Timor,2015,1196294,8733,9,222,2.01,6,0.29,0.06,0.05,,,,
Togo,2015,7323162,38080,94,1362,2.37,46,0.70,0.08,0.24,,,,
Tonga,2015,100780,675,1,8,0.68,1,0.03,0.09,0.11,,,,
Trinidad and Tobago,2015,1370332,22062,24,371,6.88,30,2.83,0.31,2.71,,,,
Tunisia,2015,11179951,45838,34,661,1.99,32,1.05,0.30,0.13,,,,
Turkey,2015,78529413,392647,204,3745,2.12,220,0.74,0.13,0.44,,,,
Turkmenistan,2015,5565283,146923,403,2278,5.3,153,0.68,1.39,1.29,,,,
Tuvalu,2015,11099,84,0,1,1.98,0,0.01,1.18,0.22,,,,
Uganda,2015,38225447,321094,719,14573,15.14,231,0.86,0.01,0.61,,,,
Ukraine,2015,44921636,1212884,9528,49165,10.16,7349,2.51,0.32,3.15,,,,
United Arab Emirates,2015,9262896,52799,61,437,3.79,66,0.23,0.15,1.73,,,,
United Kingdom,2015,65860149,2278761,1337,24345,11.21,1742,3.41,3.39,2.08,,,,
United States,2015,320878312,8086133,9049,128082,9.82,14005,4.13,1.59,3.07,,,,
Uruguay,2015,3412013,61416,67,1638,6.99,111,1.97,3.07,0.96,,,,
Uzbekistan,2015,30929556,559825,483,8350,2.59,120,0.26,0.09,2.24,,,,
Vanuatu,2015,271128,2115,4,40,2.14,3,0.33,0.30,0.78,,,,
Venezuela,2015,30081827,493342,265,8148,6.82,156,4.88,0.01,1.25,,,,
Vietnam,2015,92677082,1149196,816,47428,7.86,897,2.69,0.03,0.27,,,,
Yemen,2015,26497881,105992,119,709,0.06,68,0.03,0.00,0.00,,,,
Zambia,2015,15879370,242954,318,6184,6.89,116,1.08,0.05,0.21,,,,
Zimbabwe,2015,13814642,238993,86,4854,4.92,48,1.93,0.06,0.36,,,,
Afghanistan,2018,37171922,163556,249,575,0.21,143,0.00,0.00,0.01,,,,
Albania,2018,2882735,49006,15,731,7.17,18,1.75,1.12,1.50,,,,
Algeria,2018,42228415,181582,118,1248,0.95,109,0.31,0.20,0.08,,,,
Andorra,2018,77008,1763,1,39,11.02,1,3.50,4.81,2.33,,,,
Angola,2018,30809787,332746,444,11703,6.94,204,3.78,0.64,1.65,,,,
Antigua and Barbuda,2018,96282,1974,6,28,6.38,7,2.97,3.60,4.29,,,,
Argentina,2018,44361150,989254,701,20625,9.65,795,3.62,2.88,0.72,,,,
Armenia,2018,2951741,60511,54,796,5.55,68,0.52,0.33,2.83,,,,
Australia,2018,24898153,500453,448,8363,10.51,583,3.71,3.67,1.32,,,,
Austria,2018,8891383,246291,310,4896,11.96,517,6.10,3.60,1.90,,,,
Azerbaijan,2018,9949537,266648,202,3970,4.41,220,0.34,0.15,0.39,,,,
Bahamas,2018,385635,7636,16,137,4.78,18,3.66,1.30,4.04,,,,
Bahrain,2018,1569440,7847,6,65,1.09,6,0.40,0.10,0.69,,,,
Bangladesh,2018,161376713,1823557,355,9899,0.02,314,0.00,0.00,0.00,,,,
Barbados,2018,286640,3841,5,118,9.69,7,3.66,1.39,4.78,,,,
Belarus,2018,9452615,266564,2023,9800,11.45,2989,2.18,0.90,4.52,,,,
Belgium,2018,11482180,289351,344,7137,11.08,525,4.40,3.41,1.10,,,,
Belize,2018,383071,6091,12,118,6.22,11,3.88,0.70,1.24,,,,
Benin,2018,11485035,63168,138,1902,2.81,66,0.81,0.04,0.20,,,,
Bhutan,2018,754396,19388,8,83,0.43,7,0.01,0.05,0.00,,,,
Bolivia,2018,11353140,114667,434,3007,4.43,361,2.22,0.14,0.56,,,,
Bosnia and Herzegovina,2018,3323929,68805,56,1286,7.15,90,4.19,0.47,0.61,,,,
Botswana,2018,2254067,43729,37,1016,6.59,28,2.93,0.36,0.96,,,,
Brazil,2018,209469320,6598284,8127,76085,7.42,9422,3.84,0.24,2.07,,,,
Brunei,2018,428960,4118,2,15,0.48,1,0.66,0.04,0.00,,,,
Bulgaria,2018,7051610,131865,72,8115,12.65,100,4.44,2.07,4.85,,,,
Burkina Faso,2018,19751466,108633,306,6857,12.03,153,1.00,0.06,0.31,,,,
Burundi,2018,11175379,158690,188,5244,7.19,83,1.84,0.00,0.00,,,,
Cambodia,2018,16249795,125123,153,9461,6.64,130,4.12,0.02,0.42,,,,
Cameroon,2018,25216261,143733,335,8297,5.65,182,2.36,0.17,0.01,,,,
Canada,2018,37074558,741491,912,13302,8.94,1349,3.60,2.10,2.10,,,,
Cape Verde,2018,543764,2991,5,201,5.6,5,2.28,2.02,0.60,,,,
Central African Republic,2018,4666375,50863,98,2321,2.38,61,0.55,0.04,0.02,,,,
Chad,2018,15477727,77389,215,3298,1.37,86,0.37,0.01,0.01,,,,
Chile,2018,18729166,535654,436,8308,9.07,517,2.76,2.61,2.43,,,,
China,2018,1427647789,17988362,14562,498447,7.05,19499,1.66,0.19,2.92,,,,
Colombia,2018,49661056,1072679,119,7414,5.74,121,3.09,0.06,1.04,,,,
Comoros,2018,832322,10737,9,67,0.69,6,0.04,0.07,0.07,,,,
Congo,2018,5244363,60835,85,1758,9.27,53,5.11,0.05,0.47,,,,
Costa Rica,2018,4999443,93490,80,1089,4.87,82,2.39,0.16,0.33,,,,
Cote d'Ivoire,2018,25069226,135374,369,7232,2.71,189,1.13,0.37,0.16,,,,
Croatia,2018,4156407,93104,150,2883,9.23,267,4.75,3.52,1.36,,,,
Cuba,2018,11338146,171206,375,4602,5.83,575,1.77,0.23,2.76,,,,
Cyprus,2018,1189262,20931,6,316,10.81,9,2.85,2.72,4.02,,,,
Czechia,2018,10665679,254910,310,6700,14.45,446,6.77,2.73,3.24,,,,
Democratic Republic of Congo,2018,84068092,849088,1219,15244,2,650,0.50,0.01,0.03,,,,
Denmark,2018,5752131,177166,498,3456,10.26,812,3.45,4.22,1.65,,,,
Djibouti,2018,958923,13521,16,86,0.43,11,0.09,0.02,0.14,,,,
Dominica,2018,71626,1454,4,31,11.18,4,1.64,0.29,4.39,,,,
Dominican Republic,2018,10627147,143466,156,3652,6.68,149,3.15,0.17,2.20,,,,
Ecuador,2018,17084359,177677,362,3883,4.2,336,2.32,0.08,0.59,,,,
Egypt,2018,98423602,403537,177,5969,0.36,148,0.09,0.01,0.04,,,,
El Salvador,2018,6420740,232431,947,2268,3.89,860,1.50,0.05,1.38,,,,
Equatorial Guinea,2018,1308966,15184,15,289,7.23,7,3.83,0.94,1.20,,,,
Eritrea,2018,3452797,58352,68,1303,1.44,60,0.42,0.00,0.00,,,,
Estonia,2018,1322913,25665,159,1211,9.23,213,3.61,1.90,4.32,,,,
Eswatini,2018,1136274,25112,16,615,10.04,10,2.45,0.06,0.00,,,,
Ethiopia,2018,109224410,2872602,1595,19060,2.36,626,0.92,0.00,0.17,,,,
Fiji,2018,883490,5301,2,105,3.32,2,1.64,0.27,0.79,,,,
Finland,2018,5522585,134751,366,2633,10.78,564,3.97,1.72,1.10,,,,
France,2018,64990512,1442789,2476,41064,12.33,3728,2.43,6.29,2.35,,,,
Gabon,2018,2119275,24796,32,882,8.74,19,5.31,0.64,0.67,,,,
Gambia,2018,2280092,11628,30,500,3.55,14,0.21,0.00,0.02,,,,
Georgia,2018,4002946,92068,37,2277,8.25,42,1.71,2.94,2.58,,,,
Germany,2018,83124413,1812112,3749,75015,12.91,6393,5.67,3.13,2.08,,,,
Ghana,2018,29767108,148836,369,10032,2.75,226,0.53,0.06,0.39,,,,
Greece,2018,10522244,185191,27,3893,10.18,43,2.13,2.75,1.48,,,,
Grenada,2018,111449,1705,4,45,9.48,4,3.54,0.59,4.24,,,,
Guatemala,2018,172475885,5881428,21594,5635,2.45,1679,0.90,0.05,0.68,,,,
Guinea-Bissau,2018,1874304,10121,31,587,5.38,14,0.41,1.08,0.54,,,,
Guinea,2018,12414292,62071,166,1844,1.11,80,0.29,0.01,0.03,,,,
Guyana,2018,779007,15113,29,473,6.89,27,2.75,0.04,2.32,,,,
Haiti,2018,11123183,164623,481,4155,2.73,373,0.55,0.03,2.53,,,,
Honduras,2018,9587523,217637,563,2720,3.76,379,1.60,0.04,1.20,,,,
Hungary,2018,9707502,229097,334,9210,11.35,535,3.96,3.33,3.50,,,,
Iceland,2018,336712,7643,6,69,9.12,8,4.39,2.11,1.22,,,,
India,2018,1352642283,16637500,23942,336620,5.54,22687,0.23,0.00,2.81,,,,
Indonesia,2018,267670549,1338353,696,17364,0.57,646,0.06,0.01,0.01,,,,
Iran,2018,38433604,122988,111,2901,1.03,245,0.00,0.00,0.03,,,,
Iraq,2018,38433604,161421,73,790,0.39,55,0.12,0.00,0.04,,,,
Ireland,2018,4818694,172027,72,1498,12.88,94,5.10,2.89,2.31,,,,
Israel,2018,8381507,77110,53,623,4.21,63,1.78,0.08,1.15,,,,
Italy,2018,60627291,945786,206,29817,7.84,350,1.94,5.08,0.79,,,,
Jamaica,2018,2934853,31696,9,405,4.22,9,1.19,0.30,1.69,,,,
Japan,2018,127202190,814094,407,46224,7.96,667,1.35,0.39,1.63,,,,
Jordan,2018,9965322,41854,19,175,0.69,16,0.06,0.00,0.20,,,,
Kazakhstan,2018,18319616,685154,1537,9372,4.76,1626,2.44,0.18,1.54,,,,
Kenya,2018,51392570,375166,709,15427,2.78,327,0.81,0.02,0.83,,,,
Kiribati,2018,115842,683,1,22,0.46,1,0.26,0.01,0.17,,,,
Kuwait,2018,4137314,16963,9,30,0,10,0.00,0.00,0.00,,,,
Kyrgyzstan,2018,6304025,196055,425,2787,6.26,385,0.45,0.25,3.72,,,,
Laos,2018,7061498,60729,88,2354,10.72,69,3.62,0.08,4.46,,,,
Latvia,2018,1928461,44547,207,1604,12.77,286,5.30,1.60,5.30,,,,
Lebanon,2018,6859408,29495,20,260,1.71,15,0.38,0.23,0.58,,,,
Lesotho,2018,2108327,45118,48,1659,4.59,34,1.98,0.29,0.31,,,,
Liberia,2018,4818976,24577,62,1140,6.12,31,0.38,0.29,2.28,,,,
Libya,2018,6678565,29386,23,211,0.02,23,0.00,0.01,0.00,,,,
Lithuania,2018,2801270,52748,229,2351,13.22,314,4.59,0.82,4.88,,,,
Luxembourg,2018,604244,14986,19,271,12.94,27,4.05,4.71,2.22,,,,
Madagascar,2018,26262313,354541,339,4034,1.97,155,0.50,0.07,0.32,,,,
Malawi,2018,18143215,272148,281,4307,3.63,121,0.08,0.00,0.25,,,,
Malaysia,2018,31528033,170251,180,3213,0.85,171,0.48,0.05,0.12,,,,
Maldives,2018,515703,3507,1,12,2.22,1,0.33,0.65,0.45,,,,
Mali,2018,19077755,87758,200,2025,1.28,98,0.09,0.01,0.02,,,,
Malta,2018,439255,8038,2,106,7.99,3,2.80,2.48,2.28,,,,
Mauritania,2018,403312,1815,3,163,0.04,17,0.00,0.00,0.00,,,,
Mauritius,2018,1267184,15967,57,331,4.35,76,1.94,0.23,0.88,,,,
Mexico,2018,126190782,1716195,4492,48347,5,4374,3.72,0.19,0.19,,,,
Micronesia (country),2018,112640,845,2,22,2.48,2,0.92,0.13,0.52,,,,
Moldova,2018,4051950,82255,342,3792,11.43,440,1.53,3.57,2.25,,,,
Mongolia,2018,3170214,136002,503,3230,8.19,573,2.23,1.57,1.92,,,,
Montenegro,2018,627803,12368,6,490,11.47,8,3.83,2.67,3.14,,,,
Morocco,2018,36029089,151322,115,1096,0.69,109,0.18,0.21,0.08,,,,
Mozambique,2018,29496009,483735,622,4839,2.3,254,1.03,0.22,0.20,,,,
Myanmar,2018,53708318,424296,397,20294,5.12,387,0.50,0.02,1.33,,,,
Namibia,2018,2448300,51659,42,1028,5.43,27,1.37,0.16,0.61,,,,
Nauru,2018,10678,84,0,3,3.71,0,0.54,0.09,1.81,,,,
Nepal,2018,28095712,342768,256,6902,2.05,223,0.22,0.00,0.13,,,,
Netherlands,2018,17059560,295130,293,7374,9.61,484,3.99,2.93,1.41,,,,
New Zealand,2018,4743131,161741,45,1319,10.63,57,3.39,2.94,1.56,,,,
Nicaragua,2018,6465502,174569,459,1670,5.18,379,1.57,0.02,2.17,,,,
Niger,2018,22442831,103237,263,970,0.67,99,0.04,0.01,0.06,,,,
Nigeria,2018,195874684,979373,2448,45654,10.84,1199,0.73,0.09,0.36,,,,
North Korea,2018,25549606,201842,304,9703,3.8,381,0.12,0.00,3.48,,,,
North Macedonia,2018,2082956,37702,18,948,6.16,27,1.93,1.03,0.89,,,,
Norway,2018,5337960,88610,158,1235,7.41,235,2.66,2.20,0.97,,,,
Oman,2018,4829476,22216,14,66,0.78,8,0.17,0.02,0.29,,,,
Pakistan,2018,212228288,3013642,2971,17815,0.34,2090,0.00,0.00,0.04,,,,
Panama,2018,4176868,65577,32,847,7.98,31,5.29,0.01,1.24,,,,
Papua New Guinea,2018,8606324,67129,118,558,1.39,96,0.60,0.06,0.60,,,,
Paraguay,2018,6956069,187118,382,2075,7.58,319,3.27,0.60,1.60,,,,
Peru,2018,3199265,25914,32,6556,6.38,325,3.01,0.46,2.26,,,,
Philippines,2018,106651394,853211,1226,39431,6.86,1088,1.47,0.03,3.40,,,,
Poland,2018,37921585,1228659,3110,26205,11.71,4402,5.90,0.85,3.88,,,,
Portugal,2018,10256192,327173,111,7097,12.03,181,2.62,6.04,1.34,,,,
Qatar,2018,2781682,14187,7,71,1.59,6,0.29,0.08,0.61,,,,
Romania,2018,19506110,417431,365,19494,11.74,533,5.33,3.38,2.25,,,,
Russia,2018,145734034,4240860,20665,153094,11.19,27719,3.03,0.97,3.16,,,,
Rwanda,2018,12301969,391230,239,5081,8.95,119,0.23,0.03,0.09,,,,
Saint Kitts and Nevis,2018,52438,808,7,23,8.94,10,3.73,0.99,3.80,,,,
Saint Lucia,2018,181890,3219,7,84,10.6,9,3.21,0.40,5.10,,,,
Saint Vincent and the Grenadines,2018,110210,2347,6,55,9.06,8,2.52,0.25,4.52,,,,
Samoa,2018,196128,1275,3,26,2.66,2,2.01,0.00,0.17,,,,
Sao Tome and Principe,2018,211032,1161,3,63,5.88,2,0.42,3.68,0.23,,,,
Saudi Arabia,2018,33702757,151662,94,689,0.19,99,0.00,0.00,0.00,,,,
Senegal,2018,15854324,74515,170,1013,0.76,86,0.21,0.02,0.02,,,,
Serbia,2018,8802741,186618,242,5013,8.75,376,3.24,1.80,2.34,,,,
Seychelles,2018,97094,757,1,56,20.5,1,4.11,0.49,4.41,,,,
Sierra Leone,2018,7650149,38251,91,1875,5.7,48,0.17,0.00,0.15,,,,
Singapore,2018,5757503,40878,9,289,2.03,13,1.25,0.30,0.27,,,,
Slovakia,2018,5453017,131418,160,3454,11.14,221,3.43,2.25,4.38,,,,
Slovenia,2018,2077835,52985,124,1082,11.9,210,4.66,4.13,1.20,,,,
Solomon Islands,2018,652856,4505,17,58,1.83,13,1.10,0.05,0.02,,,,
Somalia,2018,15008225,178598,282,882,0.01,139,0.00,0.00,0.00,,,,
South Africa,2018,57792520,1092279,676,26955,9.52,578,3.90,1.32,1.30,,,,
South Korea,2018,51171700,1555620,594,25525,9.7,974,1.72,0.15,0.22,,,,
Spain,2018,46692863,821794,261,18952,12.72,423,4.57,3.33,2.30,,,,
Sri Lanka,2018,21228760,184690,327,7160,4.1,384,0.22,0.01,2.32,,,,
Sudan,2018,41801532,171386,159,482,0.51,98,,,,,,,
Suriname,2018,575987,9158,15,211,5.33,16,3.40,0.12,2.31,,,,
Sweden,2018,9971630,233336,220,4293,8.93,359,2.69,3.38,1.00,,,,
Switzerland,2018,8525614,219961,159,3860,11.53,272,3.17,4.23,1.65,,,,
Syria,2018,16945062,71169,80,556,0.24,60,0.02,0.00,0.14,,,,
Tajikistan,2018,9100847,218420,171,1666,3.28,141,0.38,0.01,0.46,,,,
Tanzania,2018,56313444,799651,738,18942,11.27,339,0.74,0.09,0.35,,,,
Thailand,2018,69428454,840084,465,38546,8.3,631,1.79,0.20,4.00,,,,
Timor,2018,1267975,9256,10,257,2.17,7,0.27,0.10,0.05,,,,
Togo,2018,7889095,41023,95,1524,2.46,51,0.78,0.09,0.20,,,,
Tonga,2018,103199,691,1,8,0.8,1,0.03,0.17,0.11,,,,
Trinidad and Tobago,2018,1389841,20987,25,391,6.72,31,2.92,0.18,2.49,,,,
Tunisia,2018,11565203,47417,31,714,2.12,34,0.99,0.32,0.16,,,,
Turkey,2018,82340090,419934,214,3882,2.05,238,0.67,0.16,0.35,,,,
Turkmenistan,2018,5850902,162070,204,2328,4.93,174,0.65,1.27,1.03,,,,
Tuvalu,2018,11505,89,0,1,1.52,0,0.01,0.69,0.22,,,,
Uganda,2018,42729032,358924,718,15141,15.09,252,0.85,0.01,0.66,,,,
Ukraine,2018,44246158,1106154,5712,45253,8.32,7601,2.44,0.31,2.64,,,,
United Arab Emirates,2018,9630966,54897,56,510,3.9,74,0.22,0.15,1.73,,,,
United Kingdom,2018,67141678,2309674,1383,24963,11.45,1760,3.57,3.44,2.39,,,,
United States,2018,327096263,8111987,10631,135290,9.87,14162,3.97,1.67,3.29,,,,
Uruguay,2018,3449290,62432,81,1668,6.92,111,1.98,3.50,0.73,,,,
Uzbekistan,2018,32476232,620296,159,9270,2.59,147,0.18,0.08,2.18,,,,
Vanuatu,2018,292675,2312,5,44,2.25,4,0.34,0.42,0.87,,,,
Venezuela,2018,28887117,439084,170,8199,4.14,175,1.54,0.01,1.04,,,,
Vietnam,2018,95545959,1203879,860,51954,8.66,979,3.18,0.02,0.23,,,,
Yemen,2018,28498683,113995,117,827,0.05,79,0.02,0.00,0.00,,,,
Zambia,2018,17351714,267216,300,6710,6.54,132,1.26,0.04,0.25,,,,
Zimbabwe,2018,14438812,244016,81,5044,4.67,51,1.20,0.04,0.39,,,,
